,Unnamed: 0,word,agency,patiency,diff_,sum_,ratio_,prod_,nsubj,nsubjpass,dobj,pobj
0,0,infant,4.393000000000002,7.272499999999999,-2.8794999999999984,11.6655,0.6040563767617739,31.9480925,66.43137886726208,24.052740624353515,100.79243690205283,192.42192499482812
1,1,baby,4.7095,7.586,-2.8765,12.2955,0.6208146585815977,35.726267,40.08790104058919,2.290737202319382,54.977692855665175,52.68695565334579
2,2,puppy,4.7415,7.0175,-2.276,11.759,0.6756679729248308,33.27347625,5.726843005798456,2.290737202319382,4.581474404638764,13.744423213916294
3,3,fetus,3.6155,5.366000000000001,-1.7505000000000015,8.9815,0.6737793514722323,19.400773000000004,0.0,0.0,0.0,0.0
4,4,kitten,4.618500000000001,6.583499999999999,-1.9649999999999976,11.202,0.701526543631807,30.40589475,2.290737202319382,0.0,9.162948809277529,22.907372023193822
5,5,rabbit,4.231499999999999,5.947,-1.7155000000000014,10.1785,0.7115352278459726,25.164730499999997,9.162948809277529,0.0,25.198109225513207,35.506426635950426
6,6,worm,3.2270000000000003,4.5465,-1.3194999999999997,7.7735,0.7097767513471902,14.671555500000002,67.57674746842177,5.726843005798456,37.79716383826981,109.95538571133035
7,7,pig,4.4255,6.1795,-1.7539999999999996,10.605,0.7161582652318149,27.34737725,21.762003422034134,3.4361058034790735,49.25084984986672,71.01285327190085
8,8,mouse,4.148999999999999,5.770499999999998,-1.6215000000000002,9.9195,0.719001819599688,23.9418045,12.599054612756603,0.0,8.017580208117838,27.488846427832588
9,9,lamb,4.3115000000000006,5.985999999999999,-1.6744999999999983,10.2975,0.7202639492148348,25.808639000000003,48.10548124870703,9.162948809277529,40.08790104058919,114.53686011596912
10,10,sheep,4.12,5.721,-1.601,9.841,0.7201538192623668,23.57052,49.25084984986672,5.726843005798456,35.506426635950426,119.11833452060787
11,11,sail,3.3880000000000003,4.585000000000001,-1.1970000000000005,7.973000000000001,0.7389312977099236,15.533980000000003,128.2812833298854,62.99527306378302,331.01152573515077,285.1967816887631
12,12,pigeon,3.9635000000000007,5.391,-1.427499999999999,9.354500000000002,0.7352068261918012,21.367228500000003,14.889791815075984,4.581474404638764,16.035160416235676,61.84990446262332
13,13,beetle,3.478,4.632999999999999,-1.154999999999999,8.110999999999999,0.7507014893157783,16.113573999999996,5.726843005798456,3.4361058034790735,10.30831741043722,35.506426635950426
14,14,fox,4.7505000000000015,6.359499999999999,-1.6089999999999982,11.11,0.7469926881044109,30.21080475,43.52400684406827,1.145368601159691,22.907372023193822,62.99527306378302
15,15,cow,4.614,6.2665,-1.6525,10.8805,0.7362961780898428,28.913631,50.396218451026414,8.017580208117838,59.55916726030394,95.06559389625437
16,16,chimpanzee,5.457999999999999,7.2535,-1.7954999999999997,12.7115,0.7524643275660027,39.589603,0.0,0.0,0.0,2.290737202319382
17,17,fly,3.3650000000000007,4.421999999999999,-1.0569999999999982,7.786999999999999,0.7609678878335598,14.88003,34.36105803479074,5.726843005798456,57.26843005798456,91.62948809277529
18,18,rate,4.2585000000000015,5.71,-1.4514999999999991,9.9685,0.7457968476357271,24.316035000000007,80.17580208117838,24.052740624353515,77.885064878859,700.965583909731
19,19,frog,4.1655,5.5275000000000025,-1.362000000000002,9.693,0.7535956580732698,23.02480125000001,10.30831741043722,2.290737202319382,10.30831741043722,53.83232425450549
20,20,chicken,4.284000000000002,5.6545,-1.3704999999999992,9.9385,0.7576266690246708,24.223878000000006,17.18052901739537,3.4361058034790735,30.92495223131166,37.79716383826981
21,21,slaves,6.053999999999999,7.822999999999999,-1.769,13.877,0.7738719161447015,47.360442000000006,3.4361058034790735,0.0,2.290737202319382,9.162948809277529
22,22,turkey,4.246500000000001,5.542000000000002,-1.2954999999999997,9.788500000000004,0.7662396246842296,23.53410300000001,25.198109225513207,9.162948809277529,54.977692855665175,132.86275773452417
23,23,cat,5.271500000000001,6.8675,-1.5959999999999983,12.139,0.7676010192937752,36.20202625000001,57.26843005798456,6.872211606958147,43.52400684406827,127.13591472872572
24,24,bird,4.7635,6.1960000000000015,-1.432500000000001,10.9595,0.7688024531956099,29.514646000000003,658.5869456668224,60.70453586146363,367.66332097226086,951.8013075637034
25,25,horse,4.984499999999999,6.590499999999999,-1.606,11.574999999999998,0.7563159092633336,32.850347249999984,659.7323142679821,178.67750178091183,1177.4389219921625,1707.7445843290996
26,26,fish,4.046,5.2065,-1.1605,9.2525,0.777105541150485,21.06549900000001,137.44423213916295,34.36105803479074,164.93307856699553,380.2623755850175
27,27,goat,4.5360000000000005,5.935500000000001,-1.3995000000000006,10.471500000000002,0.7642153146322971,26.92342800000001,9.162948809277529,1.145368601159691,19.47126621971475,35.506426635950426
28,28,elephant,5.440499999999999,7.027000000000001,-1.5865000000000018,12.4675,0.7742279777999144,38.2303935,8.017580208117838,1.145368601159691,5.726843005798456,48.10548124870703
29,29,monkey,5.5470000000000015,7.1095,-1.5624999999999991,12.6565,0.7802236444194389,39.4363965,33.21568943363104,3.4361058034790735,20.61663482087444,49.25084984986672
30,30,ant,3.902,4.8435,-0.9414999999999996,8.7455,0.8056157737173533,18.899337,91.62948809277529,13.744423213916294,42.37863824290857,152.33402395423892
31,31,fowl,4.296,5.331,-1.035,9.627,0.8058525604952167,22.901976000000005,20.61663482087444,4.581474404638764,28.63421502899228,74.44895907537993
32,32,snake,4.5070000000000014,5.5725,-1.0654999999999992,10.0795,0.8087931807985645,25.1152575,64.1406416649427,8.017580208117838,28.63421502899228,115.68222871712881
33,33,dog,5.7650000000000015,7.318,-1.552999999999999,13.083,0.7877835474173273,42.18827,414.6234336198082,27.488846427832588,293.2143618968809,610.4814644181154
34,34,stomach,3.637,4.4350000000000005,-0.7980000000000009,8.072000000000001,0.8200676437429536,16.130095,53.83232425450549,4.581474404638764,42.37863824290857,150.04328675191954
35,35,primate,5.5310000000000015,6.778000000000001,-1.2470000000000008,12.309,0.8160224254942461,37.48911800000001,3.4361058034790735,1.145368601159691,2.290737202319382,11.453686011596911
36,36,chin,2.6895,2.9155,-0.2260000000000004,5.605,0.922483279025896,7.84123725,38.9425324394295,4.581474404638764,29.77958363015197,130.5720205322048
37,37,skin,3.5015,3.9645,-0.4629999999999996,7.465999999999998,0.8832135199899105,13.88169675,193.56729359598782,45.814744046387645,163.78770996583583,566.9574575740471
38,38,insect,4.051499999999999,4.712,-0.6605000000000008,8.763499999999999,0.8598259762308996,19.090667999999997,68.72211606958147,21.762003422034134,50.396218451026414,256.5625666597708
39,39,shark,4.979999999999999,5.912999999999999,-0.9330000000000016,10.893,0.8422120750887871,29.446739999999995,27.488846427832588,1.145368601159691,10.30831741043722,48.10548124870703
40,40,nose,3.1725000000000003,3.329,-0.1564999999999994,6.5015,0.9529888855512167,10.5612525,114.53686011596912,24.052740624353515,215.32929701802195,404.31511620937096
41,41,sponge,2.3555,2.108,0.2475000000000005,4.4635,1.1174098671726758,4.965394,0.0,3.4361058034790735,8.017580208117838,12.599054612756603
42,42,lettuce,2.329,2.066,0.2629999999999999,4.395,1.12729912875121,4.811713999999999,11.453686011596911,0.0,3.4361058034790735,10.30831741043722
43,43,drop,2.1775,1.814,0.3634999999999997,3.991499999999999,1.200385887541345,3.949984999999998,150.04328675191954,19.47126621971475,185.54971338786996,274.8884642783259
44,44,toe,3.1425000000000005,3.2215000000000003,-0.0789999999999997,6.364000000000001,0.9754772621449636,10.123563750000002,13.744423213916294,2.290737202319382,21.762003422034134,96.21096249741406
45,45,face,4.112499999999999,4.499499999999999,-0.3870000000000005,8.611999999999998,0.913990443382598,18.504193749999992,1598.9345672189288,337.8837373421089,2100.6060145268734,5048.784793911918
46,46,ghost,2.9885,2.776,0.2124999999999994,5.764499999999999,1.0765489913544666,8.296075999999998,138.58960074032262,11.453686011596911,107.66464850901097,254.27182945745145
47,47,tail,2.8005,2.682,0.1185,5.4825,1.0441834451901566,7.510941000000001,50.396218451026414,9.162948809277529,127.13591472872572,223.34687722613978
48,48,leaf,2.5965,2.3645000000000005,0.2319999999999993,4.961,1.0981179953478533,6.139424250000001,62.99527306378302,25.198109225513207,95.06559389625437,297.7958363015197
49,49,boy,7.227500000000001,8.482999999999999,-1.2554999999999996,15.7105,0.8519981138748085,61.31088250000001,1192.3287138072385,120.26370312176758,562.3759831694084,1026.2502666390833
50,50,jews,7.132499999999999,8.308499999999999,-1.1760000000000002,15.440999999999995,0.8584582054522476,59.26037624999998,49.25084984986672,8.017580208117838,19.47126621971475,197.00339939946687
51,51,italians,7.085000000000001,8.177500000000002,-1.0925000000000011,15.262500000000005,0.8664017120146743,57.93758750000002,11.453686011596911,2.290737202319382,2.290737202319382,25.198109225513207
52,52,cabbage,2.4065,2.0355,0.371,4.442,1.182264799803488,4.898430749999998,5.726843005798456,0.0,4.581474404638764,25.198109225513207
53,53,neck,3.339,3.2205000000000004,0.1184999999999996,6.5595,1.0367955286446202,10.7532495,80.17580208117838,28.63421502899228,310.3948909142763,940.3476215521065
54,54,tooth,3.2075000000000014,3.122,0.085500000000001,6.329500000000001,1.027386290839206,10.013815000000005,109.95538571133035,22.907372023193822,249.69035505281266,446.69375445227956
55,55,root,3.028,2.8675,0.1605000000000007,5.895499999999998,1.0559721011333918,8.682789999999997,176.38676457859245,52.68695565334579,268.01625267136774,568.1028261752068
56,56,berry,2.4525,2.022,0.4305000000000003,4.4745,1.2129080118694364,4.958955,112.24612291364973,5.726843005798456,67.57674746842177,81.32117068233808
57,57,immigrants,7.1245,8.253499999999999,-1.128999999999999,15.378,0.8632095474647121,58.80206075,0.0,0.0,0.0,0.0
58,58,stem,2.6615,2.236,0.4255,4.897500000000001,1.1902951699463329,5.951114000000001,43.52400684406827,11.453686011596911,51.5415870521861,202.73024240526533
59,59,ear,3.3835,3.292,0.0914999999999999,6.675499999999999,1.027794653705954,11.138481999999994,298.9412049026794,82.46653928349777,916.294880927753,2018.1394752433757
60,60,mexicans,7.274499999999999,8.3955,-1.121000000000001,15.669999999999998,0.8664760883806801,61.07306474999999,80.17580208117838,6.872211606958147,19.47126621971475,148.89791815075986
61,61,nut,2.524,2.031,0.4930000000000003,4.555,1.2427375677006405,5.126243999999999,34.36105803479074,12.599054612756603,50.396218451026414,83.61190788465746
62,62,throat,3.701999999999999,3.713,-0.0110000000000005,7.414999999999999,0.9970374360355506,13.745525999999996,52.68695565334579,5.726843005798456,177.53213317975212,454.71133466039737
63,63,branch,2.7190000000000003,2.268,0.4510000000000005,4.987,1.1988536155202825,6.166691999999999,288.63288749224216,84.75727648581714,397.44290460241285,1325.1914715417627
64,64,coat,2.4635,1.8515,0.6120000000000001,4.315,1.3305428031325952,4.561170250000001,100.79243690205283,29.77958363015197,249.69035505281266,518.85197632534
65,65,knee,3.279000000000001,3.108,0.1710000000000007,6.3870000000000005,1.0550193050193053,10.191132000000003,77.885064878859,3.4361058034790735,122.55444032408695,964.4003621764599
66,66,cheese,2.3545,1.7554999999999996,0.5990000000000002,4.109999999999999,1.3412133295357451,4.133324749999999,5.726843005798456,4.581474404638764,13.744423213916294,29.77958363015197
67,67,cake,2.4725000000000006,1.8285,0.644000000000001,4.301,1.3522012578616358,4.52096625,16.035160416235676,4.581474404638764,53.83232425450549,89.33875089045591
68,68,apple,2.6260000000000003,2.1055,0.5205000000000006,4.7315000000000005,1.2472096889099982,5.529043,68.72211606958147,19.47126621971475,69.86748467074116,218.765402821501
69,69,orange,2.514,2.0075000000000003,0.5065,4.5215000000000005,1.2523038605230383,5.046855000000001,19.47126621971475,3.4361058034790735,20.61663482087444,89.33875089045591
70,70,potato,2.6145000000000005,2.0940000000000003,0.5205000000000002,4.708500000000001,1.2485673352435531,5.474763000000002,17.18052901739537,8.017580208117838,49.25084984986672,82.46653928349777
71,71,circle,2.3509999999999995,1.6249999999999996,0.726,3.975999999999999,1.4467692307692308,3.820374999999998,95.06559389625437,20.61663482087444,231.36445743425762,879.6430856906428
72,72,catholics,6.995,7.785499999999999,-0.7904999999999989,14.7805,0.8984650953695975,54.45957249999999,50.396218451026414,4.581474404638764,13.744423213916294,97.35633109857375
73,73,japanese,7.1205,7.963000000000001,-0.8425000000000011,15.0835,0.8941981665201556,56.70054150000001,1.145368601159691,0.0,0.0,2.290737202319382
74,74,trousers,2.395,1.7625,0.6325000000000001,4.1575,1.3588652482269503,4.2211875,0.0,0.0,0.0,0.0
75,75,cushion,2.3895,1.714,0.6755,4.1035,1.3941073512252042,4.095603,8.017580208117838,0.0,12.599054612756603,84.75727648581714
76,76,rock,2.355,1.6980000000000002,0.657,4.053,1.3869257950530036,3.99879,214.18392841686224,49.25084984986672,261.1440410644096,1947.126621971475
77,77,button,2.443,1.7584999999999995,0.6845000000000003,4.201499999999999,1.3892522035825992,4.296015499999998,17.18052901739537,5.726843005798456,36.651795237110115,127.13591472872572
78,78,heart,4.732,5.0120000000000005,-0.2800000000000002,9.744,0.9441340782122905,23.716784000000004,3094.7859603334855,432.94933123836324,2768.3559090029735,7228.421241918811
79,79,hat,2.4744999999999995,1.8305,0.6439999999999999,4.304999999999999,1.3518164435946465,4.529572249999998,93.92022529509468,22.907372023193822,540.6139797473742,411.1873278163291
80,80,africans,7.3715,8.305,-0.9334999999999996,15.6765,0.8875978326309453,61.2203075,4.581474404638764,2.290737202319382,4.581474404638764,22.907372023193822
81,81,line,2.5005000000000006,1.8035,0.6970000000000005,4.303999999999999,1.386470751316884,4.5096517500000015,360.7911093653027,143.1710751449614,733.0359047422023,1824.572181647388
82,82,frame,2.469,1.7925,0.6764999999999999,4.2615,1.3774058577405857,4.4256825,182.1136075843909,35.506426635950426,176.38676457859245,506.2529217125835
83,83,corpse,2.255,1.5579999999999998,0.6970000000000001,3.813,1.4473684210526316,3.51329,34.36105803479074,22.907372023193822,91.62948809277529,160.35160416235675
84,84,lip,3.64,3.4295,0.2104999999999997,7.0695,1.0613792097973465,12.48338,694.0933723027729,80.17580208117838,627.6619934355108,2151.0022329779
85,85,girl,7.733,8.774000000000001,-1.0410000000000013,16.507,0.8813540004558923,67.84934200000001,1146.5139697608508,92.77485669393498,632.2434678401495,1122.4612291364974
86,86,pocket,2.5725,1.857,0.7155000000000005,4.4295,1.3852988691437806,4.7771325,24.052740624353515,4.581474404638764,85.90264508697683,705.5470583143698
87,87,hair,2.809,2.225,0.5839999999999996,5.034,1.2624719101123594,6.250025,557.7945087647696,123.69980892524664,423.78638242908573,1028.5410038414027
88,88,drawer,2.5165,1.8375,0.6789999999999998,4.353999999999999,1.3695238095238094,4.624068749999998,10.30831741043722,2.290737202319382,24.052740624353515,68.72211606958147
89,89,arabs,6.959999999999999,7.717500000000001,-0.7575000000000021,14.6775,0.9018464528668608,53.7138,10.30831741043722,1.145368601159691,2.290737202319382,37.79716383826981
90,90,stamp,2.397,1.654,0.7429999999999994,4.050999999999998,1.4492140266021762,3.964637999999999,13.744423213916294,4.581474404638764,54.977692855665175,93.92022529509468
91,91,nail,2.5385,1.882,0.6565000000000003,4.4205,1.3488310308182787,4.777456999999999,22.907372023193822,10.30831741043722,49.25084984986672,124.84517752640633
92,92,irishmen,7.3184999999999985,8.126500000000002,-0.8080000000000034,15.445,0.9005722020550049,59.47379025,3.4361058034790735,0.0,0.0,13.744423213916294
93,93,floor,2.5335,1.8625,0.6709999999999999,4.396,1.3602684563758392,4.71864375,74.44895907537993,62.99527306378302,215.32929701802195,1408.8033794264202
94,94,spade,2.4985,1.8020000000000005,0.6964999999999997,4.3005,1.386514983351831,4.502297,3.4361058034790735,1.145368601159691,28.63421502899228,38.9425324394295
95,95,bee,5.0735,5.303,-0.2294999999999998,10.3765,0.9567226098434848,26.9047705,91.62948809277529,6.872211606958147,25.198109225513207,115.68222871712881
96,96,jewel,2.482,1.7180000000000002,0.7640000000000002,4.2,1.4447031431897557,4.264076,29.77958363015197,8.017580208117838,83.61190788465746,117.97296591944819
97,97,cucumber,2.627,1.93,0.6969999999999996,4.557,1.3611398963730568,5.07011,1.145368601159691,0.0,1.145368601159691,4.581474404638764
98,98,feather,2.6155000000000004,1.8575,0.7580000000000005,4.473000000000001,1.4080753701211308,4.8582912500000015,54.977692855665175,13.744423213916294,73.30359047422023,210.74782261338316
99,99,basin,2.643,1.9225,0.7205000000000004,4.5655,1.3747724317295191,5.0811675,19.47126621971475,9.162948809277529,69.86748467074116,318.41247112239415
100,100,tea,2.6059999999999994,1.8905000000000003,0.7154999999999989,4.4965,1.3784713038878598,4.926643,35.506426635950426,2.290737202319382,106.51927990785128,241.67277484469483
101,101,indians,7.447999999999999,8.231000000000002,-0.783000000000003,15.679,0.9048718260235692,61.304488,572.6843005798456,91.62948809277529,223.34687722613978,1308.0109425243672
102,102,box,2.5935,1.804,0.7894999999999999,4.397499999999999,1.4376385809312635,4.678673999999999,90.4841194916156,33.21568943363104,279.46993868296465,632.2434678401495
103,103,island,3.0120000000000005,2.4530000000000003,0.5590000000000002,5.465000000000002,1.2278842233999183,7.388436000000002,151.18865535307924,32.07032083247135,185.54971338786996,1531.3578197505071
104,104,thumb,3.3599999999999994,3.029,0.3309999999999995,6.388999999999999,1.1092769891053151,10.177439999999995,4.581474404638764,1.145368601159691,35.506426635950426,45.814744046387645
105,105,skirt,2.5315,1.7025,0.8289999999999997,4.234,1.4869309838472833,4.30987875,20.61663482087444,0.0,35.506426635950426,148.89791815075986
106,106,butter,2.5495,1.7705000000000006,0.7789999999999989,4.32,1.4399887037560004,4.5138897500000015,11.453686011596911,2.290737202319382,13.744423213916294,50.396218451026414
107,107,puppet,2.7420000000000004,2.0274999999999994,0.714500000000001,4.7695,1.3524044389642422,5.559404999999999,5.726843005798456,1.145368601159691,8.017580208117838,9.162948809277529
108,108,arch,2.6105,1.832,0.7784999999999995,4.4425,1.4249454148471612,4.782436,46.96011264754734,18.325897618555057,66.43137886726208,286.3421502899228
109,109,rod,2.4930000000000003,1.7195,0.7734999999999999,4.2125,1.4498400697877292,4.2867135,49.25084984986672,11.453686011596911,120.26370312176758,177.53213317975212
110,110,tongue,4.1445,4.027000000000001,0.1174999999999988,8.171500000000002,1.0291780481748196,16.689901500000005,241.67277484469483,41.23326964174888,265.72551546904833,616.2083074239139
111,111,muslims,7.237500000000002,7.986000000000001,-0.7484999999999982,15.2235,0.9062734785875284,57.79867500000001,0.0,0.0,0.0,0.0
112,112,curtain,2.512,1.725,0.7869999999999999,4.237,1.4562318840579709,4.3332000000000015,169.5145529716343,34.36105803479074,147.75254954960016,304.66804790847783
113,113,wing,2.9825,2.375,0.6074999999999999,5.3575,1.2557894736842106,7.0834375,152.33402395423892,36.651795237110115,405.46048481053066,810.9209696210613
114,114,collar,2.5449999999999995,1.7239999999999998,0.8209999999999997,4.268999999999999,1.4762180974477956,4.387579999999999,20.61663482087444,4.581474404638764,46.96011264754734,162.64234136467616
115,115,grandfather,7.757999999999997,8.636000000000001,-0.878000000000001,16.394000000000002,0.8983325613710049,66.99808799999998,91.62948809277529,16.035160416235676,24.052740624353515,97.35633109857375
116,116,stick,2.538,1.7555000000000005,0.7824999999999991,4.2935,1.4457419538592988,4.455458999999999,25.198109225513207,12.599054612756603,121.40907172292727,227.92835163077854
117,117,egg,2.7985,2.1465,0.6519999999999997,4.945,1.3037502911716747,6.00698025,22.907372023193822,11.453686011596911,81.32117068233808,117.97296591944819
118,118,ball,2.655,1.886,0.7689999999999999,4.541,1.4077412513255567,5.0073300000000005,195.8580307983072,28.63421502899228,180.9682389832312,420.3502766256067
119,119,plate,2.6339999999999995,1.874,0.7599999999999996,4.507999999999999,1.4055496264674492,4.936115999999998,62.99527306378302,40.08790104058919,147.75254954960016,405.46048481053066
120,120,bucket,2.4705000000000004,1.6355,0.8350000000000004,4.106,1.5105472332619996,4.040502750000001,8.017580208117838,3.4361058034790735,41.23326964174888,40.08790104058919
121,121,angle,3.062,2.391,0.6709999999999998,5.452999999999999,1.280635717273107,7.321242,34.36105803479074,4.581474404638764,73.30359047422023,274.8884642783259
122,122,sock,2.5000000000000004,1.632,0.8680000000000003,4.1320000000000014,1.531862745098039,4.080000000000001,0.0,2.290737202319382,1.145368601159691,12.599054612756603
123,123,square,2.4935000000000005,1.6085,0.8850000000000005,4.102,1.5502020516008703,4.0107947500000005,25.198109225513207,9.162948809277529,40.08790104058919,280.61530728412436
124,124,muscle,4.0095,3.8465,0.1629999999999998,7.856,1.042376186143247,15.42254175,65.2860102661024,28.63421502899228,59.55916726030394,142.0257065438017
125,125,stocking,2.544,1.6895,0.8545,4.2335,1.505770938147381,4.298088,65.2860102661024,8.017580208117838,54.977692855665175,121.40907172292727
126,126,shelf,2.693,1.905,0.7879999999999996,4.598,1.4136482939632544,5.130164999999999,14.889791815075984,4.581474404638764,20.61663482087444,182.1136075843909
127,127,foot,3.634,3.2644999999999995,0.3695000000000008,6.8985,1.113187318119161,11.863193,498.2353415044657,95.06559389625437,895.6782461068785,3999.6271552496414
128,128,bottle,2.6675000000000004,1.8715000000000008,0.7959999999999998,4.5390000000000015,1.4253272775848247,4.9922262500000025,41.23326964174888,20.61663482087444,176.38676457859245,226.78298302961886
129,129,cup,2.697,1.811,0.8859999999999997,4.507999999999999,1.4892324682495857,4.884267,107.66464850901097,24.052740624353515,287.48751889108246,329.86615713399107
130,130,bath,2.764,2.0405000000000006,0.7234999999999996,4.804500000000001,1.3545699583435429,5.639942000000002,65.2860102661024,14.889791815075984,33.21568943363104,150.04328675191954
131,131,receipt,2.652,1.8095,0.8425000000000002,4.4615,1.4655982315556786,4.798794,14.889791815075984,0.0,40.08790104058919,45.814744046387645
132,132,grandmother,7.9369999999999985,8.7435,-0.8064999999999998,16.6805,0.9077600503230971,69.39715949999999,40.08790104058919,2.290737202319382,14.889791815075984,35.506426635950426
133,133,tray,2.564,1.6829999999999998,0.8810000000000002,4.247,1.5234699940582297,4.315212,0.0,1.145368601159691,14.889791815075984,13.744423213916294
134,134,bell,2.5575,1.5879999999999996,0.9695000000000004,4.1455,1.6105163727959702,4.061309999999999,261.1440410644096,42.37863824290857,166.0784471681552,314.97636531891504
135,135,pot,2.7225,1.8455,0.877,4.5680000000000005,1.4752099701977783,5.0243737500000005,24.052740624353515,5.726843005798456,56.123061456824864,187.84045059018936
136,136,pin,2.696,1.802,0.8940000000000001,4.498,1.4961154273029966,4.858192000000002,16.035160416235676,1.145368601159691,42.37863824290857,64.1406416649427
137,137,glove,2.6090000000000004,1.6960000000000002,0.9130000000000004,4.3050000000000015,1.5383254716981134,4.424864000000001,12.599054612756603,4.581474404638764,38.9425324394295,61.84990446262332
138,138,brush,2.7025,1.7534999999999996,0.9490000000000004,4.456,1.541203307670374,4.73883375,10.30831741043722,3.4361058034790735,45.814744046387645,105.37391130669158
139,139,kettle,2.6925,1.815,0.8775,4.5075,1.4834710743801651,4.886887499999999,18.325897618555057,9.162948809277529,28.63421502899228,51.5415870521861
140,140,british,7.3875,7.962999999999999,-0.575499999999999,15.3505,0.9277282431244508,58.8266625,90.4841194916156,16.035160416235676,34.36105803479074,167.2238157693149
141,141,table,2.6925,1.7180000000000002,0.9745,4.4105,1.5672293364377183,4.6257150000000005,132.86275773452417,95.06559389625437,272.5977270760065,2192.2355026196487
142,142,boot,2.7520000000000007,1.8125,0.9395000000000008,4.564500000000002,1.5183448275862073,4.988000000000001,30.92495223131166,11.453686011596911,113.39149151480943,219.9107714226607
143,143,head,5.093999999999999,4.9315,0.1624999999999996,10.0255,1.0329514346547704,25.121061,975.8540481880568,223.34687722613978,2549.5905061814724,4871.252660732166
144,144,nerve,4.3475,4.0165000000000015,0.3309999999999995,8.363999999999999,1.0824100585086516,17.461733750000004,116.8275973182885,35.506426635950426,155.770129757718,276.03383287948554
145,145,basket,2.6380000000000003,1.6954999999999998,0.9425000000000006,4.3335,1.5558832202890007,4.472729,30.92495223131166,16.035160416235676,139.73496934148233,202.73024240526533
146,146,ring,2.7155,1.7599999999999998,0.9555000000000002,4.4755,1.5428977272727276,4.779279999999999,75.59432767653962,19.47126621971475,205.0209796075847,247.39961785049329
147,147,spoon,2.675,1.6340000000000003,1.0409999999999997,4.309,1.6370869033047732,4.3709500000000014,3.4361058034790735,1.145368601159691,24.052740624353515,21.762003422034134
148,148,whip,2.7885000000000004,1.8555000000000004,0.933,4.644000000000001,1.5028294260307191,5.174061750000002,24.052740624353515,3.4361058034790735,74.44895907537993,151.18865535307924
149,149,cart,2.8195,1.896,0.9235,4.7155000000000005,1.48707805907173,5.345772,19.47126621971475,8.017580208117838,45.814744046387645,131.7173891333645
150,150,woman,8.150499999999997,8.970000000000002,-0.8195000000000051,17.1205,0.9086399108138232,73.109985,1759.2861713812856,176.38676457859245,778.85064878859,2157.8744445848583
151,151,parcel,2.818,1.865,0.9529999999999998,4.683,1.5109919571045576,5.2555700000000005,8.017580208117838,6.872211606958147,58.41379865914425,61.84990446262332
152,152,ticket,2.648,1.6215000000000004,1.0264999999999993,4.2695,1.6330558125192718,4.293732,16.035160416235676,13.744423213916294,97.35633109857375,79.03043348001869
153,153,whistle,2.844,1.8195,1.0244999999999995,4.6635,1.5630667765869743,5.174658,19.47126621971475,11.453686011596911,53.83232425450549,44.669375445227956
154,154,card,2.7765,1.7555,1.021,4.532,1.5816006835659355,4.87414575,29.77958363015197,17.18052901739537,163.78770996583583,187.84045059018936
155,155,net,2.8885,1.9425,0.946,4.831,1.4870012870012868,5.610911249999997,17.18052901739537,5.726843005798456,36.651795237110115,81.32117068233808
156,156,thread,2.8205000000000005,1.839,0.9815000000000004,4.6595,1.533713974986406,5.186899500000001,35.506426635950426,11.453686011596911,96.21096249741406,147.75254954960016
157,157,tree,3.736,3.1455,0.5905000000000005,6.881499999999999,1.1877285010332224,11.751587999999996,901.4050891126769,224.49224582729946,686.075792094655,4244.736035897816
158,158,dress,2.8155,1.719,1.0964999999999998,4.5345,1.6378708551483416,4.839844499999999,232.50982603541732,54.977692855665175,245.1088806481739,805.1941266152629
159,159,shirt,2.7895000000000003,1.7240000000000002,1.0655,4.5135000000000005,1.6180394431554523,4.809098000000001,35.506426635950426,8.017580208117838,77.885064878859,138.58960074032262
160,160,eye,4.3575,3.895,0.4625000000000004,8.2525,1.1187419768934532,16.9724625,4043.15116209371,607.0453586146364,3966.4114658160106,6576.706507858947
161,161,bag,2.6990000000000003,1.622,1.0770000000000004,4.321000000000001,1.6639950678175095,4.377778,33.21568943363104,14.889791815075984,123.69980892524664,170.659921572794
162,162,door,2.9160000000000004,1.919,0.9970000000000004,4.835000000000001,1.5195414278269934,5.595804000000001,585.2833551926021,301.2319421049988,1342.372000559158,3289.498622530633
163,163,screw,2.764,1.7685000000000002,0.9955,4.5325000000000015,1.56290641786825,4.888134000000001,5.726843005798456,0.0,9.162948809277529,30.92495223131166
164,164,coffee,2.9105,1.98,0.9305,4.890499999999999,1.4699494949494951,5.762789999999999,14.889791815075984,3.4361058034790735,48.10548124870703,82.46653928349777
165,165,comb,2.729,1.713,1.0160000000000002,4.442,1.593111500291886,4.674777,6.872211606958147,2.290737202319382,12.599054612756603,18.325897618555057
166,166,band,5.0735,4.6755,0.3980000000000006,9.749,1.0851245856058176,23.72114925,208.4570854110638,46.96011264754734,221.0561400238204,675.7674746842177
167,167,lock,2.8814999999999995,1.8635,1.0179999999999991,4.744999999999999,1.546283874429836,5.369675249999999,100.79243690205283,14.889791815075984,154.6247611565583,314.97636531891504
168,168,station,3.0285,2.026,1.0025,5.054500000000001,1.494817374136229,6.135741000000001,44.669375445227956,10.30831741043722,215.32929701802195,500.52607870678503
169,169,chess,2.694,1.5709999999999995,1.1230000000000002,4.265,1.7148313176320815,4.232273999999999,0.0,0.0,5.726843005798456,22.907372023193822
170,170,leg,3.769,3.1450000000000005,0.6239999999999992,6.914,1.1984101748807627,11.853505,140.880337942642,44.669375445227956,218.765402821501,534.8871367415758
171,171,spring,2.9385,1.9335,1.005,4.872,1.5197827773467805,5.681589749999999,195.8580307983072,28.63421502899228,216.47466561918162,1060.611324673874
172,172,arm,4.0375,3.508,0.5294999999999996,7.5455,1.1509407069555302,14.16355,703.2563211120504,191.27655639366841,1635.586362456039,3680.069315526088
173,173,flag,3.007000000000001,1.9425,1.0645000000000004,4.9495000000000005,1.5480051480051482,5.841097500000003,89.33875089045591,42.37863824290857,164.93307856699553,209.6024540122235
174,174,garden,3.56,2.8629999999999995,0.6970000000000001,6.422999999999999,1.2434509256025148,10.192279999999997,105.37391130669158,30.92495223131166,146.60718094844046,967.836467979939
175,175,cord,2.8485,1.8105,1.038,4.659,1.5733222866611434,5.15720925,42.37863824290857,22.907372023193822,93.92022529509468,163.78770996583583
176,176,bone,3.572,2.864,0.7080000000000002,6.436,1.2472067039106145,10.230208,92.77485669393498,50.396218451026414,152.33402395423892,379.1170069838578
177,177,rail,2.813,1.757,1.0559999999999996,4.57,1.6010244735344334,4.9424410000000005,9.162948809277529,4.581474404638764,13.744423213916294,73.30359047422023
178,178,finger,3.884,3.2745,0.6095000000000006,7.1585,1.1861352878302034,12.718158,263.434778266729,32.07032083247135,422.64101382792603,664.3137886726208
179,179,bulb,2.9250000000000003,1.8775000000000008,1.0474999999999997,4.802500000000001,1.5579227696404792,5.491687500000002,1.145368601159691,1.145368601159691,1.145368601159691,8.017580208117838
180,180,picture,3.1235,2.1005000000000007,1.0229999999999992,5.224,1.4870268983575334,6.5609117500000025,240.52740624353515,85.90264508697683,501.67144730794473,788.0135975978675
181,181,drain,2.8875,1.7845,1.1030000000000002,4.6720000000000015,1.6181003082095826,5.15274375,6.872211606958147,1.145368601159691,9.162948809277529,10.30831741043722
182,182,shoe,2.9075,1.822,1.0855000000000004,4.7295,1.5957738748627883,5.297465,36.651795237110115,11.453686011596911,116.8275973182885,168.3691843704746
183,183,plough,2.909,1.8185,1.0905,4.727499999999999,1.5996700577398957,5.290016499999999,21.762003422034134,5.726843005798456,37.79716383826981,77.885064878859
184,184,mother,8.340499999999999,9.034,-0.6935000000000002,17.374499999999998,0.9232344476422404,75.34807699999998,1406.5126422241008,77.885064878859,503.96218451026414,1385.8960074032263
185,185,chocolate,2.9350000000000014,1.8535,1.081500000000001,4.788500000000001,1.5834906932829786,5.440022500000001,4.581474404638764,0.0,13.744423213916294,16.035160416235676
186,186,man,8.2655,9.0235,-0.7580000000000009,17.289,0.915997118634676,74.58373925,12383.72531573858,1338.9358947556789,5040.767213703801,16440.620901046208
187,187,chain,2.9174999999999995,1.829,1.0884999999999994,4.746499999999998,1.59513395297977,5.3361075,105.37391130669158,32.07032083247135,295.5050990992003,536.0325053427355
188,188,fork,2.931,1.8235,1.1075000000000002,4.7545,1.6073485056210586,5.3446785000000006,4.581474404638764,3.4361058034790735,17.18052901739537,75.59432767653962
189,189,carriage,2.8825,1.7614999999999998,1.121,4.644,1.636389440817485,5.077523749999999,130.5720205322048,28.63421502899228,129.42665193104511,389.425324394295
190,190,mom,8.295000000000002,8.908000000000003,-0.6129999999999995,17.203000000000007,0.9311854512797486,73.89186000000002,0.0,0.0,0.0,0.0
191,191,board,2.8964999999999987,1.7259999999999998,1.1704999999999994,4.622499999999999,1.6781575898030126,4.999358999999998,131.7173891333645,48.10548124870703,144.31644374612108,1706.5992157279397
192,192,mouth,4.528500000000001,4.057499999999999,0.4710000000000018,8.586,1.116081330868762,18.37438875,171.80529017395367,40.08790104058919,298.9412049026794,1286.2489391023332
193,193,street,3.0355000000000003,1.9430000000000005,1.0925,4.9785,1.5622748327328873,5.897976500000001,188.98581919134904,76.73969627769931,389.425324394295,2422.4545914527466
194,194,dad,8.243500000000001,8.820500000000003,-0.5770000000000001,17.064,0.9345842072444872,72.71179175000002,13.744423213916294,0.0,3.4361058034790735,3.4361058034790735
195,195,hook,2.7855,1.5744999999999998,1.211,4.359999999999999,1.7691330581136868,4.385769749999999,32.07032083247135,11.453686011596911,61.84990446262332,159.20623556119708
196,196,umbrella,2.8475,1.6195000000000004,1.227999999999999,4.4670000000000005,1.758258721827724,4.611526250000002,0.0,0.0,11.453686011596911,33.21568943363104
197,197,brick,2.986,1.8270000000000004,1.1589999999999998,4.8130000000000015,1.6343732895457033,5.455422000000001,17.18052901739537,4.581474404638764,29.77958363015197,154.6247611565583
198,198,horn,2.9825000000000004,1.763,1.2195000000000005,4.7455,1.6917186613726605,5.2581475000000015,37.79716383826981,8.017580208117838,92.77485669393498,201.58487380410565
199,199,house,3.3105,2.1915,1.1189999999999998,5.502000000000001,1.5106091718001369,7.254960749999999,994.179945806612,336.7383687409492,1711.1806901325785,7283.398934774476
200,200,seed,3.4835000000000003,2.535,0.9485,6.0185,1.3741617357001972,8.8306725,87.04801368813654,64.1406416649427,211.89319121454287,268.01625267136774
201,201,pipe,2.9545000000000003,1.743,1.2115000000000005,4.6975,1.695065978198509,5.1496935000000015,56.123061456824864,40.08790104058919,293.2143618968809,251.98109225513207
202,202,cloud,3.1425,2.0184999999999995,1.124,5.1610000000000005,1.556849145405004,6.343136249999998,562.3759831694084,58.41379865914425,304.66804790847783,1264.486935680299
203,203,bed,2.969,1.7145,1.2545,4.6835,1.7317002041411491,5.0903505,132.86275773452417,38.9425324394295,314.97636531891504,1931.0914615552392
204,204,knot,2.9240000000000004,1.6509999999999998,1.2730000000000006,4.575,1.7710478497880078,4.827524,30.92495223131166,12.599054612756603,71.01285327190085,128.2812833298854
205,205,pump,3.02,1.757,1.263,4.777,1.7188389299943083,5.30614,17.18052901739537,2.290737202319382,6.872211606958147,50.396218451026414
206,206,key,2.9200000000000004,1.636,1.2840000000000005,4.556,1.7848410757946214,4.77712,48.10548124870703,19.47126621971475,324.1393141281926,163.78770996583583
207,207,window,3.156,1.9135,1.2425,5.0695000000000014,1.6493336817350404,6.0390060000000005,170.659921572794,74.44895907537993,216.47466561918162,1793.6472294160765
208,208,wall,2.9054999999999995,1.6334999999999995,1.2719999999999998,4.539,1.778696051423324,4.746134249999998,321.8485769258732,129.42665193104511,358.50037216298335,2132.676335359345
209,209,father,8.3525,8.849499999999997,-0.4969999999999999,17.201999999999998,0.9438386349511272,73.91544874999998,2334.2612091634505,124.84517752640633,794.8858092048257,2494.6128133258076
210,210,watch,3.162,1.811,1.351,4.973,1.7459966869133077,5.726382,83.61190788465746,30.92495223131166,316.12173392007475,345.90131755022674
211,211,star,3.3705000000000007,2.2745,1.096000000000001,5.6450000000000005,1.4818641459661468,7.66620225,450.1298602557586,43.52400684406827,239.38203764237545,904.841194916156
212,212,scissors,3.0985,1.7314999999999998,1.3670000000000002,4.83,1.7894888824718451,5.365052749999999,3.4361058034790735,0.0,0.0,0.0
213,213,pencil,3.1495,1.7505,1.3990000000000002,4.9,1.7992002285061413,5.51319975,24.052740624353515,1.145368601159691,42.37863824290857,115.68222871712881
214,214,wire,3.341499999999999,1.9975,1.3439999999999992,5.338999999999999,1.6728410513141423,6.674646249999998,20.61663482087444,12.599054612756603,42.37863824290857,81.32117068233808
215,215,blade,3.1945,1.86,1.3345,5.0545,1.71747311827957,5.941770000000001,56.123061456824864,10.30831741043722,85.90264508697683,134.00812633568387
216,216,roof,3.1025000000000005,1.7305,1.3720000000000006,4.833,1.7928344409130312,5.3688762500000005,127.13591472872572,40.08790104058919,137.44423213916295,821.2292870314985
217,217,brain,7.5394999999999985,7.5684999999999985,-0.028999999999999,15.107999999999995,0.9961683292594308,57.06270574999999,193.56729359598782,40.08790104058919,271.4523584748468,552.0676657589711
218,218,needle,3.1095,1.686,1.4235000000000002,4.7955000000000005,1.8443060498220645,5.242617,25.198109225513207,3.4361058034790735,45.814744046387645,91.62948809277529
219,219,hand,4.558999999999998,3.688,0.8709999999999991,8.247,1.23617136659436,16.813591999999996,1724.925113346495,363.0818465676221,5029.313527692204,10712.632526646592
220,220,hammer,3.1835000000000004,1.8675,1.3160000000000005,5.051,1.704685408299866,5.945186250000003,14.889791815075984,1.145368601159691,33.21568943363104,111.10075431249004
221,221,moon,3.4475,2.1365,1.3110000000000004,5.584,1.6136204072080509,7.36558375,432.94933123836324,25.198109225513207,85.90264508697683,486.78165549286877
222,222,human,8.715,9.141,-0.4260000000000001,17.855999999999998,0.9533967837216936,79.663815,19.47126621971475,3.4361058034790735,13.744423213916294,61.84990446262332
223,223,oven,3.3085,1.902,1.4064999999999996,5.2105,1.7394847528916928,6.292766999999999,4.581474404638764,2.290737202319382,5.726843005798456,32.07032083247135
224,224,brake,3.4015,2.0155000000000003,1.3859999999999997,5.417000000000001,1.6876705532126022,6.8557232500000005,6.872211606958147,0.0,14.889791815075984,69.86748467074116
225,225,map,3.427,1.9845,1.4424999999999997,5.411499999999998,1.726883345930965,6.800881499999999,30.92495223131166,21.762003422034134,53.83232425450549,191.27655639366841
226,226,boat,3.3715,1.9150000000000005,1.4564999999999997,5.2865,1.7605744125326368,6.4564225,505.1075531114238,125.99054612756603,493.65386709982687,1177.4389219921625
227,227,bridge,3.3999999999999995,1.903,1.4969999999999997,5.302999999999999,1.7866526537046767,6.4701999999999975,29.77958363015197,22.907372023193822,119.11833452060787,383.69848138849653
228,228,clock,3.245,1.7355,1.5094999999999996,4.980499999999998,1.8697781619129927,5.6316975,131.7173891333645,3.4361058034790735,14.889791815075984,125.99054612756603
229,229,pen,3.3040000000000007,1.7195,1.584500000000001,5.0235,1.9214888048851413,5.681228000000003,92.77485669393498,12.599054612756603,185.54971338786996,394.00679879893374
230,230,match,3.414,1.866,1.548,5.28,1.829581993569132,6.3705240000000005,26.343477826672896,13.744423213916294,101.93780550321252,115.68222871712881
231,231,book,3.5695,1.9905,1.579,5.5600000000000005,1.7932680231097713,7.105089750000001,582.9926179902828,192.42192499482812,1023.9595294367639,2296.464045325181
232,232,camera,3.6495,2.093,1.5564999999999998,5.7425,1.743669374104157,7.638403499999999,5.726843005798456,2.290737202319382,5.726843005798456,49.25084984986672
233,233,knife,3.3164999999999987,1.702,1.6144999999999992,5.0185,1.948589894242068,5.644682999999999,137.44423213916295,22.907372023193822,408.89659061400977,387.13458719197564
234,234,wheel,3.4055,1.7175,1.6880000000000002,5.122999999999999,1.9828238719068407,5.84894625,77.885064878859,16.035160416235676,98.50169969973344,361.9364779664624
235,235,town,5.7995,4.846499999999999,0.9530000000000012,10.646,1.1966367481687818,28.10727675,226.78298302961886,81.32117068233808,266.87088407020804,2004.3950520294595
236,236,library,3.989,2.389,1.5999999999999996,6.377999999999999,1.6697362913352864,9.529721,60.70453586146363,22.907372023193822,96.21096249741406,411.1873278163291
237,237,prison,4.492000000000001,3.0805,1.4115000000000009,7.572500000000002,1.4582048368771308,13.837606,30.92495223131166,14.889791815075984,76.73969627769931,854.4449764651296
238,238,office,3.900000000000001,2.189,1.7110000000000007,6.089,1.7816354499771592,8.537100000000002,214.18392841686224,98.50169969973344,753.6525395630767,1920.783144144802
239,239,engine,3.771,2.2015,1.5694999999999992,5.9725,1.7129230070406536,8.3018565,42.37863824290857,14.889791815075984,52.68695565334579,162.64234136467616
240,240,god,6.930499999999999,6.14,0.7904999999999998,13.0705,1.1287459283387622,42.55327,3231.084823871489,162.64234136467616,1050.3030072634367,6576.706507858947
241,241,army,7.2405,6.643000000000002,0.5974999999999993,13.883500000000002,1.0899443022730693,48.09864150000001,351.6281605560252,101.93780550321252,460.4381776661958,1346.953474963797
242,242,ship,3.66,1.7725000000000002,1.8875,5.4325,2.0648801128349787,6.487350000000001,466.1650206719943,95.06559389625437,510.83439611722224,1099.5538571133036
243,243,car,3.937500000000001,2.2085,1.729000000000001,6.146000000000001,1.7828843106180667,8.695968750000002,38.9425324394295,2.290737202319382,41.23326964174888,131.7173891333645
244,244,farm,4.4075000000000015,2.7875,1.620000000000001,7.195,1.5811659192825116,12.28590625,46.96011264754734,10.30831741043722,122.55444032408695,406.60585341169036
245,245,store,4.160000000000001,2.39,1.7700000000000014,6.550000000000002,1.7405857740585782,9.9424,51.5415870521861,30.92495223131166,250.83572365397237,574.9750377821649
246,246,plane,3.919000000000001,2.135,1.7840000000000007,6.053999999999999,1.8355971896955507,8.367065,3.4361058034790735,2.290737202319382,12.599054612756603,58.41379865914425
247,247,gun,3.7665,1.877,1.8895,5.6435,2.0066595631326583,7.0697205,123.69980892524664,75.59432767653962,382.55311278733683,447.83912305343927
248,248,church,5.3125,3.6745,1.6380000000000003,8.987,1.445774935365356,19.52078125,689.5118978981341,160.35160416235675,538.3232425450549,3769.4080664165435
249,249,train,3.9505,1.9375,2.013000000000001,5.888,2.0389677419354846,7.654093749999999,130.5720205322048,20.61663482087444,152.33402395423892,368.80868957342057
250,250,school,5.103999999999999,3.233,1.871,8.337,1.5787194556139807,16.501231999999995,243.9635120470142,71.01285327190085,292.06899329572127,1911.6201953355246
251,251,robot,4.634,2.3374999999999995,2.2965,6.971499999999999,1.9824598930481283,10.831974999999996,0.0,0.0,0.0,0.0
252,252,sun,4.477500000000001,2.3065,2.1710000000000007,6.784000000000002,1.9412529807066987,10.327353750000004,1333.2090517498805,48.10548124870703,261.1440410644096,1999.8135776248207
253,253,computer,5.0175,2.2840000000000003,2.7335000000000003,7.3015,2.1968038528896674,11.459969999999998,0.0,0.0,0.0,0.0
254,254,hospital,5.5995,2.9930000000000003,2.6065,8.592500000000001,1.8708653524891408,16.7593035,11.453686011596911,4.581474404638764,14.889791815075984,136.29886353800325
